{
  "gravity": {
    "y": 0,
    "x": 0
  },
  "autoClearForces": true,
  "continuousPhysics": true,
  "subStepping": false,
  "warmStarting": true,
  "body": [
    {
      "angle": 0,
      "name": "box",
      "color": [
        0.5,
        0.5,
        0.5
      ],
      "position": {
        "x": 0,
        "y": -6
      },
      "type": 2,
      "fixture": [
        {
          "density": 40000,
          "group_index": 1,
          "polygon": {
            "vertices": {
              "x": [
                -3.4,
                -3.4,
                0,
                0
              ],
              "y": [
                -2,
                1.4,
                1.4,
                -2
              ]
            }
          }
        },
        {
          "density": 40000,
          "group_index": 1,
          "polygon": {
            "vertices": {
              "x": [
                0,
                0,
                3.4,
                3.4
              ],
              "y": [
                -2,
                2,
                2,
                -2
              ]
            }
          }
        }
      ]
    },
    {
      "angle": 0,
      "name": "body",
      "color": [
        0.5,
        0.2,
        0
      ],
      "position": {
        "x": 0.11888587716986354,
        "y": 6.8742978444608855
      },
      "type": 2,
      "fixture": [
        {
          "density": 4000,
          "group_index": 0,
          "polygon": {
            "vertices": {
              "x": [
                -1.473195225412298,
                1.3475982206823065,
                1.9042875612110324,
                2.64243193071196,
                3.188606826353003,
                1.1661441457473845,
                -1.2917411504773757,
                -3.188606826353003,
                -2.756903906693627,
                -2.0243215745482184,
                -1.473195225412298
              ],
              "y": [
                -3.584821801100271,
                -3.584821801100271,
                -2.666717379048424,
                -0.8466126842691208,
                1.8915983406365964,
                3.584821801100272,
                3.584821801100272,
                1.8915983406365964,
                -0.8466126842691208,
                -2.666717379048425,
                -3.584821801100271
              ]
            }
          }
        }
      ]
    },
    {
      "angle": 0,
      "name": "head",
      "color": [
        0.5,
        0.2,
        0
      ],
      "position": {
        "x": 0.0605961550007863,
        "y": 0.719383083239882
      },
      "type": 2,
      "fixture": [
        {
          "density": 4000,
          "group_index": 0,
          "polygon": {
            "vertices": {
              "x": [
                -0.615723736498467,
                -0.04125209506587339,
                0.5332185923294364,
                1.735815023873828,
                2.094598870572504,
                0.7660418506898569,
                -0.8485460408216022,
                -2.0945988705725043,
                -1.8110112884235343,
                -0.615723736498467
              ],
              "y": [
                -2.6281337262610087,
                -2.6281337262610087,
                -2.6281337262610087,
                0.23129088367766848,
                1.5917353594710713,
                2.6281337262610087,
                2.6281337262610087,
                1.5917353594710713,
                0.23129088367766848,
                -2.6281337262610087
              ]
            }
          }
        }
      ]
    },
    {
      "angle": 0,
      "name": "wl2",
      "color": [
        0,
        0,
        0
      ],
      "position": {
        "x": -1.4546511734404157,
        "y": -1.814248623133393
      },
      "type": 2,
      "fixture": [
        {
          "density": 0.001,
          "group_index": -20,
          "polygon": {
            "vertices": {
              "x": [
                -0.9520967704184333,
                -0.8928605955634972,
                0.9520967704184334,
                0.89286154960078,
                -0.9520967704184333
              ],
              "y": [
                -0.6114310934488421,
                -0.6950779340335376,
                0.6114306164302008,
                0.6950779340335373,
                -0.6114310934488421
              ]
            }
          }
        }
      ]
    },
    {
      "angle": 0,
      "name": "wr1",
      "color": [
        0,
        0,
        0
      ],
      "position": {
        "x": 2.7979633339303462,
        "y": -0.7371251237704355
      },
      "type": 2,
      "fixture": [
        {
          "density": 0.001,
          "group_index": -10,
          "polygon": {
            "vertices": {
              "x": [
                1.945472825965283,
                1.9369532730347854,
                -1.945472825965283,
                -1.9369628134076076,
                1.945472825965283
              ],
              "y": [
                -0.1107592444940606,
                -0.21290076562127935,
                0.11076058014625512,
                0.21290076562127946,
                -0.1107592444940606
              ]
            }
          }
        }
      ]
    },
    {
      "angle": 0,
      "name": "wr2",
      "color": [
        0,
        0,
        0
      ],
      "position": {
        "x": 1.5438236071564488,
        "y": -1.814248623133393
      },
      "type": 2,
      "fixture": [
        {
          "density": 0.001,
          "group_index": -10,
          "polygon": {
            "vertices": {
              "x": [
                0.9520962933997912,
                0.89286202661942,
                -0.9520962933997914,
                -0.8928620266194205,
                0.9520962933997912
              ],
              "y": [
                -0.6114310934488421,
                -0.6950779340335376,
                0.6114306164302008,
                0.6950779340335373,
                -0.6114310934488421
              ]
            }
          }
        }
      ]
    },
    {
      "angle": 0,
      "name": "wr3",
      "color": [
        0,
        0,
        0
      ],
      "position": {
        "x": 0.6176804669643614,
        "y": -2.357726836992426
      },
      "type": 2,
      "fixture": [
        {
          "density": 0.001,
          "group_index": -10,
          "polygon": {
            "vertices": {
              "x": [
                0.17505868601335528,
                0.07434860242442431,
                -0.1750586860133554,
                -0.07435051049898955,
                0.17505868601335528
              ],
              "y": [
                -0.6494569206373271,
                -0.6685145785801074,
                0.6494554895814044,
                0.6685145785801079,
                -0.6494569206373271
              ]
            }
          }
        }
      ]
    },
    {
      "angle": 0,
      "name": "wl3",
      "color": [
        0,
        0,
        0
      ],
      "position": {
        "x": -0.5756074228171121,
        "y": -2.318504265437086
      },
      "type": 2,
      "fixture": [
        {
          "density": 0.001,
          "group_index": -20,
          "polygon": {
            "vertices": {
              "x": [
                -0.17505868601335606,
                -0.07434860242442498,
                0.17505868601335606,
                0.07435051049899022,
                -0.17505868601335606
              ],
              "y": [
                -0.6494569206373271,
                -0.6685145785801074,
                0.6494554895814038,
                0.6685145785801074,
                -0.6494569206373271
              ]
            }
          }
        }
      ]
    },
    {
      "angle": 0,
      "name": "wl1",
      "color": [
        0,
        0,
        0
      ],
      "position": {
        "x": -2.696997377542319,