{
    "gravity": {
        "y": 0,
        "x": 0
    },
    "autoClearForces": true,
    "continuousPhysics": true,
    "subStepping": false,
    "warmStarting": true,
    "body": [
        {
            "angle": 0.0,
            "name": "box",
            "color": [
                0.5,
                0.5,
                0.5
            ],
            "position": {
                "x": 0.0,
                "y": -7.329896011208284
            },
            "type": 2,
            "fixture": [
                {
                    "density": 40,
                    "group_index": 0,
                    "polygon": {
                        "vertices": {
                            "x": [
                                -7.5,
                                -7.5,
                                -7.5,
                                7.5,
                                7.5,
                                -7.459378905192609,
                                7.459565037866375,
                                7.459565037866375,
                                -7.459378905192609,
                                -7.459378905192609,
                                -7.5
                            ],
                            "y": [
                                -3.129223634352872,
                                -3.1090993627285357,
                                3.129223634352873,
                                3.129223634352873,
                                -3.129223634352872,
                                -3.0887888630267035,
                                -3.0887888630267035,
                                3.088602539545482,
                                3.088602539545482,
                                -3.0887888630267035,
                                -3.129223634352872
                            ]
                        }
                    }
                }
            ]
        },
        {
            "angle": 0.0,
            "name": "body",
            "color": [
                0.5,
                0.2,
                0
            ],
            "position": {
                "x": 0.4381699567808379,
                "y": 6.8742978444608855
            },
            "type": 2,
            "fixture": [
                {
                    "density": 40,
                    "group_index": 0,
                    "polygon": {
                        "vertices": {
                            "x": [
                                -1.473195463921616,
                                1.3475979821729869,
                                1.9042873227017125,
                                2.6424316922026403,
                                3.188606587843683,
                                1.1661439072380648,
                                -1.2917413889866953,
                                -3.188606587843683,
                                -2.756904145202948,
                                -2.02432181305754,
                                -1.473195463921616
                            ],
                            "y": [
                                -3.584821801100271,
                                -3.584821801100271,
                                -2.666717379048424,
                                -0.8466126842691208,
                                1.8915983406365964,
                                3.584821801100272,
                                3.584821801100272,
                                1.8915983406365964,
                                -0.8466126842691208,
                                -2.666717379048425,
                                -3.584821801100271
                            ]
                        }
                    }
                }
            ]
        },
        {
            "angle": 0.0,
            "name": "head",
            "color": [
                0.5,
                0.2,
                0
            ],
            "position": {
                "x": 0.3798799961024406,
                "y": 0.719383083239882
            },
            "type": 2,
            "fixture": [
                {
                    "density": 1,
                    "group_index": 0,
                    "polygon": {
                        "vertices": {
                            "x": [
                                -0.6157237364984651,
                                -0.04125209506587296,
                                0.5332185923294367,
                                1.7358150238738281,
                                2.0945988705725043,
                                0.7660418506898572,
                                -0.8485460408216019,
                                -2.094598870572504,
                                -1.8110112884235339,
                                -0.6157237364984651
                            ],
                            "y": [
                                -2.6281337262610087,
                                -2.6281337262610087,
                                -2.6281337262610087,
                                0.23129088367766848,
                                1.5917353594710713,
                                2.6281337262610087,
                                2.6281337262610087,
                                1.5917353594710713,
                                0.23129088367766848,
                                -2.6281337262610087
                            ]
                        }
                    }
                }
            ]
        },
        {
            "angle": 0.0,
            "name": "wl2",
            "color": [
                0,
                0,
                0
            ],
            "position": {
                "x": -1.2868217049333144,
                "y": -2.3695781743237263
            },
            "type": 2,
            "fixture": [
                {
                    "density": 0.01,
                    "group_index": 0,
                    "polygon": {
                        "vertices": {
                            "x": [
                                -0.9520967704184333,
                                -0.8928605955634972,
                                0.9520967704184333,
                                0.8928615496007799,
                                -0.9520967704184333
                            ],
                            "y": [
                                -0.6114310934488425,
                                -0.6950779340335376,
                                0.6114306164302012,
                                0.6950779340335378,
                                -0.6114310934488425
                            ]
                        }
                    }
                }
            ]
        },
        {
            "angle": 0.0,
            "name": "wr1",
            "color": [
                0,
                0,
                0
            ],
            "position": {
                "x": 3.066762384167153,
                "y": -1.5448771982291023
            },
            "type": 2,
            "fixture": [
                {
                    "density": 0.01,
                    "group_index": 0,
                    "polygon": {
                        "vertices": {
                            "x": [
                                1.9454728259652834,
                                1.936953273034785,
                                -1.9454728259652827,
                                -1.9369628134076076,
                                1.9454728259652834
                            ],