{
    "gravity": {
        "y": 0,
        "x": 0
    },
    "autoClearForces": true,
    "continuousPhysics": true,
    "subStepping": false,
    "warmStarting": true,
    "body": [
        {
            "angle": 0.0,
            "name": "box",
            "color": [
                0.5,
                0.5,
                0.5
            ],
            "position": {
                "y": 5.0,
                "x": 2.0861490895685817
            },
            "type": 0,
            "fixture": [
                {
                    "density": 1,
                    "group_index": 0,
                    "polygon": {
                        "vertices": {
                            "x": [
                                -7.086149089568582,
                                -7.086149089568582,
                                -7.086149089568582,
                                2.9138509104314183,
                                2.9138509104314183,
                                -7.059068359696988,
                                2.8868942690090016,
                                2.8868942690090016,
                                -7.059068359696988,
                                -7.059068359696988,
                                -7.086149089568582
                            ],
                            "y": [
                                -11.972746430374103,
                                -11.959330249291213,
                                -7.80044825123694,
                                -7.80044825123694,
                                -11.972746430374103,
                                -11.945789916156658,
                                -11.945789916156658,
                                -7.827528981108534,
                                -7.827528981108534,
                                -11.945789916156658,
                                -11.972746430374103
                            ]
                        }
                    }
                }
            ]
        },
        {
            "angle": 0.0,
            "name": "body",
            "color": [
                0.5,
                0.2,
                0
            ],
            "position": {
                "y": 2.125737725229122,
                "x": 2.389881200733514
            },
            "type": 0,
            "fixture": [
                {
                    "density": 1,
                    "group_index": 0,
                    "polygon": {
                        "vertices": {
                            "x": [
                                -3.079898205494033,
                                -1.1993692414309645,
                                -0.828243014411814,
                                -0.33614676807786203,
                                0.027969829016166514,
                                -1.3203386247209123,
                                -2.958928822204086,
                                -4.223505621442078,
                                -3.9357039930149207,
                                -3.4473157715846487,
                                -3.079898205494033
                            ],
                            "y": [
                                0.06724630367795426,
                                0.06724630367795426,
                                0.6793159183791855,
                                1.8927190482320544,
                                3.718193064835865,
                                4.847008705144983,
                                4.847008705144983,
                                3.718193064835865,
                                1.8927190482320544,
                                0.6793159183791846,
                                0.06724630367795426
                            ]
                        }
                    }
                }
            ]
        },
        {
            "angle": 0.0,
            "name": "head",
            "color": [
                0.5,
                0.2,
                0
            ],
            "position": {
                "y": 1.396399247048336,
                "x": 1.7520891508406726
            },
            "type": 0,
            "fixture": [
                {
                    "density": 1,
                    "group_index": 0,
                    "polygon": {
                        "vertices": {
                            "x": [
                                -1.909318311104689,
                                -1.526337216816294,
                                -1.1433567585527544,
                                -0.3416258041898268,
                                -0.10243657305737619,
                                -0.9881412529791407,
                                -2.064533180653447,
                                -2.895235067154048,
                                -2.706176679054735,
                                -1.909318311104689
                            ],
                            "y": [
                                -2.668899675729087,
                                -2.668899675729087,
                                -2.668899675729087,
                                -0.7626166024366356,
                                0.14434638142563272,
                                0.835278625952258,
                                0.835278625952258,
                                0.14434638142563272,
                                -0.7626166024366356,
                                -2.668899675729087
                            ]
                        }
                    }
                }
            ]
        },
        {
            "angle": 0.0,
            "name": "wl2",
            "color": [
                0,
                0,
                0
            ],
            "position": {
                "y": 0.6347311802789556,
                "x": 0.4633852893556918
            },
            "type": 0,
            "fixture": [
                {
                    "density": 1,
                    "group_index": 0,
                    "polygon": {
                        "vertices": {
                            "x": [
                                -1.955997606256857,
                                -1.916506823020233,
                                -0.6865352456989458,
                                -0.7260253929107148,
                                -1.955997606256857
                            ],
                            "y": [
                                -2.6220706921273345,
                                -2.6778352525171316,
                                -1.8068295522079723,
                                -1.751064673805748,
                                -2.6220706921273345
                            ]
                        }
                    }
                }
            ]
        },
        {
            "angle": 0.0,
            "name": "wr1",
            "color": [
                0,
                0,
                0
            ],
            "position": {
                "y": 1.2969818839768552,
                "x": 0.1419338437475196
            },
            "type": 0,
            "fixture": [
                {
                    "density": 1,
                    "group_index": 0,
                    "polygon": {
                        "vertices": {
                            "x": [
                                3.199556296340771,
                                3.1938765943871057,
                                0.6055925283870606,
                                0.6112658700921773,
                                3.199556296340771
                            ],